"ChallengeX","ChallengeY","Tester Name","Device Name"
"276.0","635.0","Jake","nexus-08"
"182.0","133.0","Jake","nexus-08"
"409.0","595.0","Jake","nexus-08"
"442.0","647.0","Jake","nexus-08"
"X","Y","PRESSURE"
"480.25","754.697","0.16800001"
"474.65387","758.5731","0.3264"
"462.75","769.24243","0.43680003"
"447.4675","790.3519","0.5856"
"440.50778","804.83496","0.67200005"
"435.83243","815.8172","0.6384"
"433.00958","822.8556","0.36960003"
"427.125","835.9091","0.28320003"
