"ChallengeX","ChallengeY","Tester Name","Device Name"
"621.0","818.0","Jake","nexus-08"
"198.0","474.0","Jake","nexus-08"
"515.0","780.0","Jake","nexus-08"
"310.0","888.0","Jake","nexus-08"
"X","Y","PRESSURE"
"306.5","495.90912","0.1536"
"307.2776","501.18738","0.3312"
"312.75","508.33337","0.37440002"
"332.89392","531.9554","0.40320003"
"361.9639","565.7823","0.2592"
"373.53342","577.4739","0.1488"
