"ChallengeX","ChallengeY","Tester Name","Device Name"
"335.0","688.0","tim","nexus7"
"647.0","813.0","tim","nexus7"
"604.0","604.0","tim","nexus7"
"634.0","306.0","tim","nexus7"
"X","Y","PRESSURE"
"339.42856","687.7143","0.23520002"
"352.92676","692.0337","0.40800002"
"358.64612","693.8639","0.4128"
"366.52692","697.72156","0.40320003"
"369.09256","698.95306","0.39360002"
"379.79306","704.0765","0.37440002"
"405.48453","715.99255","0.384"
"432.73898","729.9912","0.3456"
"458.05264","744.1438","0.34080002"
"496.2896","761.7231","0.3456"
"529.2609","780.6342","0.33600003"
"558.625","793.5714","0.312"
"571.7692","800.1643","0.30240002"
"605.0527","814.24133","0.30240002"
"631.5028","828.2235","0.3072"
"644.34143","836.3445","0.2544"
"665.5759","846.2311","0.264"
"678.19586","854.26965","0.26880002"
"684.99115","858.5886","0.28320003"
"688.399","860.76965","0.28800002"
"695.06616","863.8041","0.30240002"
"699.9736","865.9188","0.31680003"
"703.0984","866.0","0.3312"
"705.3478","866.0","0.34080002"
"705.5","864.80945","0.3312"
"705.5","862.1301","0.35040003"
"705.5","859.1428","0.3648"
"702.5562","851.2206","0.34080002"
"694.42883","820.77844","0.3264"
"683.7556","790.0148","0.3312"
"672.72284","752.4402","0.3264"
"658.32465","706.1351","0.34080002"
"647.5067","669.3876","0.312"
"638.5357","627.71423","0.312"
"637.62067","604.0824","0.3264"
"634.9643","542.8527","0.34080002"
"631.102","493.3609","0.312"
"631.07104","452.89642","0.33600003"
"633.29083","410.9958","0.35520002"
"634.0714","377.73315","0.37440002"
"634.9447","343.36847","0.384"
"636.75","329.72626","0.4128"
"639.21075","305.15778","0.40320003"
"642.4861","288.72668","0.42240003"
"645.50415","274.55164","0.4176"
"647.87396","265.2134","0.40800002"
"651.59186","257.00723","0.35520002"
"653.8485","250.31372","0.18720001"
