"ChallengeX","ChallengeY","Tester Name","Device Name"
"579.0","675.0","Jake","nexus-08"
"211.0","746.0","Jake","nexus-08"
"129.0","162.0","Jake","nexus-08"
"494.0","256.0","Jake","nexus-08"
"X","Y","PRESSURE"
"237.125","767.42426","0.3264"
"231.62935","762.4609","0.59040004"
"228.04938","754.04846","0.7056"
"224.1429","738.04785","0.43680003"
"222.75","731.9697","0.3312"
"219.89159","715.78094","0.24960001"
