"ChallengeX","ChallengeY","Tester Name","Device Name"
"287.0","592.0","tim","nexus7"
"274.0","724.0","tim","nexus7"
"356.0","105.0","tim","nexus7"
"454.0","391.0","tim","nexus7"
"X","Y","PRESSURE"
"495.6786","354.2857","0.4128"
"483.70526","364.9229","0.40800002"
"479.449","369.00897","0.40320003"
"477.11853","371.24622","0.3984"
"472.07037","375.68073","0.2736"
