"ChallengeX","ChallengeY","Tester Name","Device Name"
"634.0","560.0","tim","nexus7"
"360.0","281.0","tim","nexus7"
"178.0","102.0","tim","nexus7"
"649.0","664.0","tim","nexus7"
"X","Y","PRESSURE"
"748.3571","524.8572","0.115200005"
"746.5714","536.0844","0.0816"
"746.5714","543.2078","0.067200005"
"746.5714","549.57874","0.057600003"
"747.4643","559.64246","0.0432"
"747.4643","564.28577","0.024"
